"Name","State","Notes","User","Tags","Created","Runtime","Sweep","_name_or_path","accelerator_config.even_batches","accelerator_config.non_blocking","accelerator_config.split_batches","accelerator_config.use_seedable_sampler","adafactor","adam_beta1","adam_beta2","adam_epsilon","add_cross_attention","architectures","attention_probs_dropout_prob","auto_find_batch_size","average_tokens_across_devices","batch_eval_metrics","batch_size","bf16","bf16_full_eval","chunk_size_feed_forward","classifier_dropout","dataloader_drop_last","dataloader_num_workers","dataloader_persistent_workers","dataloader_pin_memory","ddp_timeout","debug","disable_tqdm","diversity_penalty","do_eval","do_predict","do_sample","do_train","dropout","early_stopping","embedding_size","encoder_no_repeat_ngram_size","epochs","eval_delay","eval_do_concat_batches","eval_on_start","eval_steps","eval_strategy","eval_use_gather_object","fp16","fp16_backend","fp16_full_eval","fp16_opt_level","fsdp","fsdp_config.min_num_params","fsdp_config.xla","fsdp_config.xla_fsdp_grad_ckpt","fsdp_config.xla_fsdp_v2","fsdp_min_num_params","full_determinism","gradient_accumulation_steps","gradient_checkpointing","greater_is_better","group_by_length","half_precision_backend","hidden_act","hidden_dropout_prob","hidden_size","hub_always_push","hub_strategy","hub_token","id2label.0","id2label.1","id2label.2","id2label.3","id2label.4","ignore_data_skip","include_for_metrics","include_inputs_for_metrics","include_num_input_tokens_seen","include_tokens_per_second","initializer_range","intermediate_size","is_decoder","is_encoder_decoder","jit_mode_eval","label2id.Extremely Negative","label2id.Extremely Positive","label2id.Negative","label2id.Neutral","label2id.Positive","label_smoothing_factor","layer_norm_eps","learning_rate","length_column_name","length_penalty","load_best_model_at_end","local_rank","log_level","log_level_replica","log_on_each_node","logging_dir","logging_first_step","logging_nan_inf_filter","logging_steps","logging_strategy","lr_scheduler_type","max_grad_norm","max_length","max_position_embeddings","max_steps","metric_for_best_model","min_length","model/num_parameters","model_name","model_type","mp_parameters","no_cuda","no_repeat_ngram_size","num_attention_heads","num_beam_groups","num_beams","num_hidden_layers","num_return_sequences","num_train_epochs","optim","output_attentions","output_dir","output_hidden_states","output_scores","overwrite_output_dir","pad_token_id","past_index","patience","per_device_eval_batch_size","per_device_train_batch_size","position_embedding_type","prediction_loss_only","problem_type","push_to_hub","push_to_hub_token","ray_scope","remove_invalid_values","remove_unused_columns","repetition_penalty","report_to","restore_callback_states_from_checkpoint","return_dict","return_dict_in_generate","run_name","save_on_each_node","save_only_model","save_safetensors","save_steps","save_strategy","save_total_limit","seed","skip_memory_metrics","summary_activation","summary_last_dropout","summary_type","summary_use_proj","temperature","tf_legacy_loss","tie_encoder_decoder","tie_word_embeddings","top_k","top_p","torch_compile","torch_dtype","torchscript","tpu_metrics_debug","transformers_version","type_vocab_size","typical_p","use_bfloat16","use_cache","use_cpu","use_ipex","use_legacy_prediction_loop","use_liger_kernel","use_mps_device","vocab_size","warmup_ratio","warmup_steps","weight_decay","eval/accuracy","eval/f1_macro","eval/loss","eval/precision_weighted","eval/recall_weighted","eval/runtime","eval/samples_per_second","eval/steps_per_second","final_eval/accuracy","final_eval/f1_macro","total_flos","train/epoch","train/global_step","train/grad_norm","train/learning_rate","train/loss","train_loss","train_runtime","train_samples_per_second","train_steps_per_second"
"trial-9","finished","-","","","2025-08-21T09:47:33.000Z","382","","google/electra-base-discriminator","true","false","false","true","false","0.9","0.999","1e-8","false","[""ElectraForPreTraining""]","0.1773852280121806","false","false","false","32","false","false","0","0.1773852280121806","false","0","false","true","1800","[]","false","0","true","false","false","false","0.1773852280121806","false","768","0","4","0","true","false","300","steps","false","true","auto","false","O1","[]","0","false","false","false","0","false","1","false","true","false","auto","gelu","0.1773852280121806","768","false","every_save","<HUB_TOKEN>","Extremely Negative","Negative","Neutral","Positive","Extremely Positive","false","[]","false","false","false","0.02","3072","false","false","false","0","4","1","2","3","0","1e-12","0.000023213404368784804","length","1","true","0","passive","warning","true","./hf_roberta_optuna_FINAL/9/runs/Aug21_09-47-42_fbad269acf75","false","true","100","steps","linear","1","20","512","-1","accuracy","0","109488389","google/electra-base-discriminator","electra","","false","0","12","1","1","12","1","4","adamw_torch_fused","false","./hf_roberta_optuna_FINAL/9","false","false","false","0","-1","3","32","32","absolute","false","single_label_classification","false","<PUSH_TO_HUB_TOKEN>","last","false","true","1","[""wandb""]","false","true","false","trial-9","false","false","true","300","steps","1","42","true","gelu","0.1","first","true","1","false","false","true","50","1","false","float32","false","false","4.55.2","2","1","false","true","false","false","false","false","false","30525","0","0","0","0.6814104161475205","0.6916786560121346","0.8874387741088867","0.686521811061535","0.6814104161475205","6.2148","1291.442","40.388","0.6814104161475205","0.6916786560121346","4733363823856128","2.98804780876494","3000","10.850605010986328","0.000005878494084425833","0.7334","0.9479490966796876","364.6576","352.111","11.013"
"trial-8","finished","-","","","2025-08-21T09:36:54.000Z","638","","google/electra-base-discriminator","true","false","false","true","false","0.9","0.999","1e-8","false","[""ElectraForPreTraining""]","0.10913962878608532","false","false","false","32","false","false","0","0.10913962878608532","false","0","false","true","1800","[]","false","0","true","false","false","false","0.10913962878608532","false","768","0","4","0","true","false","300","steps","false","true","auto","false","O1","[]","0","false","false","false","0","false","1","false","true","false","auto","gelu","0.10913962878608532","768","false","every_save","<HUB_TOKEN>","Extremely Negative","Negative","Neutral","Positive","Extremely Positive","false","[]","false","false","false","0.02","3072","false","false","false","0","4","1","2","3","0","1e-12","0.000012789470297634006","length","1","true","0","passive","warning","true","./hf_roberta_optuna_FINAL/8/runs/Aug21_09-37-03_fbad269acf75","false","true","100","steps","linear","1","20","512","-1","accuracy","0","109488389","google/electra-base-discriminator","electra","","false","0","12","1","1","12","1","4","adamw_torch_fused","false","./hf_roberta_optuna_FINAL/8","false","false","false","0","-1","2","32","32","absolute","false","single_label_classification","false","<PUSH_TO_HUB_TOKEN>","last","false","true","1","[""wandb""]","false","true","false","trial-8","false","false","true","300","steps","1","42","true","gelu","0.1","first","true","1","false","false","true","50","1","false","float32","false","false","4.55.2","2","1","false","true","false","false","false","false","false","30525","0","0","0.01","0.7053326688263145","0.714369909042889","0.8350205421447754","0.7058320691791798","0.7053326688263145","8.5246","941.508","29.444","0.7053326688263145","0.714369909042889","8203760563885056","3.8844621513944224","3900","14.854143142700195","3.726015998065684e-7","0.6606","0.8453316830366085","617.5603","207.915","6.503"
"trial-7","finished","-","","","2025-08-21T09:30:29.000Z","384","","google/electra-base-discriminator","true","false","false","true","false","0.9","0.999","1e-8","false","[""ElectraForPreTraining""]","0.17145024519350027","false","false","false","32","false","false","0","0.17145024519350027","false","0","false","true","1800","[]","false","0","true","false","false","false","0.17145024519350027","false","768","0","3","0","true","false","300","steps","false","true","auto","false","O1","[]","0","false","false","false","0","false","1","false","true","false","auto","gelu","0.17145024519350027","768","false","every_save","<HUB_TOKEN>","Extremely Negative","Negative","Neutral","Positive","Extremely Positive","false","[]","false","false","false","0.02","3072","false","false","false","0","4","1","2","3","0","1e-12","0.00002406015618061144","length","1","true","0","passive","warning","true","./hf_roberta_optuna_FINAL/7/runs/Aug21_09-30-37_fbad269acf75","false","true","100","steps","linear","1","20","512","-1","accuracy","0","109488389","google/electra-base-discriminator","electra","","false","0","12","1","1","12","1","3","adamw_torch_fused","false","./hf_roberta_optuna_FINAL/7","false","false","false","0","-1","3","32","32","absolute","false","single_label_classification","false","<PUSH_TO_HUB_TOKEN>","last","false","true","1","[""wandb""]","false","true","false","trial-7","false","false","true","300","steps","1","42","true","gelu","0.1","first","true","1","false","false","true","50","1","false","float32","false","false","4.55.2","2","1","false","true","false","false","false","false","false","30525","0","0","0.01","0.6827809618739098","0.6928265872506746","0.8845952749252319","0.6896878192046986","0.6827809618739098","6.2405","1286.118","40.221","0.6827809618739098","0.6928265872506746","4733363823856128","2.98804780876494","3000","8.416485786437988","1.0384529560024857e-7","0.7185","0.8832330195109049","366.5513","262.719","8.217"
"trial-6","finished","-","","","2025-08-21T09:24:03.000Z","385","","google/electra-base-discriminator","true","false","false","true","false","0.9","0.999","1e-8","false","[""ElectraForPreTraining""]","0.14322885794260898","false","false","false","32","false","false","0","0.14322885794260898","false","0","false","true","1800","[]","false","0","true","false","false","false","0.14322885794260898","false","768","0","3","0","true","false","300","steps","false","true","auto","false","O1","[]","0","false","false","false","0","false","1","false","true","false","auto","gelu","0.14322885794260898","768","false","every_save","<HUB_TOKEN>","Extremely Negative","Negative","Neutral","Positive","Extremely Positive","false","[]","false","false","false","0.02","3072","false","false","false","0","4","1","2","3","0","1e-12","0.00001743493448310708","length","1","true","0","passive","warning","true","./hf_roberta_optuna_FINAL/6/runs/Aug21_09-24-12_fbad269acf75","false","true","100","steps","linear","1","20","512","-1","accuracy","0","109488389","google/electra-base-discriminator","electra","","false","0","12","1","1","12","1","3","adamw_torch_fused","false","./hf_roberta_optuna_FINAL/6","false","false","false","0","-1","4","32","32","absolute","false","single_label_classification","false","<PUSH_TO_HUB_TOKEN>","last","false","true","1","[""wandb""]","false","true","false","trial-6","false","false","true","300","steps","1","42","true","gelu","0.1","first","true","1","false","false","true","50","1","false","float32","false","false","4.55.2","2","1","false","true","false","false","false","false","false","30525","0","0","0.02","0.7007226513830053","0.7100980428629816","0.8398403525352478","0.703775877233177","0.7007226513830053","6.2186","1290.647","40.363","0.7007226513830053","0.7100980428629816","4750926959865600","3","3012","8.664276123046875","7.525038123518993e-8","0.7273","0.8881319791355614","367.3812","262.126","8.199"
"trial-5","finished","-","","","2025-08-21T09:18:34.000Z","327","","google/electra-base-discriminator","true","false","false","true","false","0.9","0.999","1e-8","false","[""ElectraForPreTraining""]","0.17978561023304188","false","false","false","16","false","false","0","0.17978561023304188","false","0","false","true","1800","[]","false","0","true","false","false","false","0.17978561023304188","false","768","0","3","0","true","false","300","steps","false","true","auto","false","O1","[]","0","false","false","false","0","false","1","false","true","false","auto","gelu","0.17978561023304188","768","false","every_save","<HUB_TOKEN>","Extremely Negative","Negative","Neutral","Positive","Extremely Positive","false","[]","false","false","false","0.02","3072","false","false","false","0","4","1","2","3","0","1e-12","0.00001636786975440083","length","1","true","0","passive","warning","true","./hf_roberta_optuna_FINAL/5/runs/Aug21_09-18-43_fbad269acf75","false","true","100","steps","linear","1","20","512","-1","accuracy","0","109488389","google/electra-base-discriminator","electra","","false","0","12","1","1","12","1","3","adamw_torch_fused","false","./hf_roberta_optuna_FINAL/5","false","false","false","0","-1","2","16","16","absolute","false","single_label_classification","false","<PUSH_TO_HUB_TOKEN>","last","false","true","1","[""wandb""]","false","true","false","trial-5","false","false","true","300","steps","1","42","true","gelu","0.1","first","true","1","false","false","true","50","1","false","float32","false","false","4.55.2","2","1","false","true","false","false","false","false","false","30525","0","0","0.01","0.6409170196860204","0.6512878807917928","0.9353100061416626","0.647058939826654","0.6409170196860204","8.9647","895.289","55.997","0.6409170196860204","0.6512878807917928","2840886584183808","1.3452914798206277","2700","14.110844612121582","0.000009030736310267323","0.83","1.0514959349455657","306.3851","314.31","19.652"
"trial-4","finished","-","","","2025-08-21T09:11:53.000Z","400","","google/electra-base-discriminator","true","false","false","true","false","0.9","0.999","1e-8","false","[""ElectraForPreTraining""]","0.15400119972748433","false","false","false","16","false","false","0","0.15400119972748433","false","0","false","true","1800","[]","false","0","true","false","false","false","0.15400119972748433","false","768","0","4","0","true","false","300","steps","false","true","auto","false","O1","[]","0","false","false","false","0","false","1","false","true","false","auto","gelu","0.15400119972748433","768","false","every_save","<HUB_TOKEN>","Extremely Negative","Negative","Neutral","Positive","Extremely Positive","false","[]","false","false","false","0.02","3072","false","false","false","0","4","1","2","3","0","1e-12","0.000025700281758605587","length","1","true","0","passive","warning","true","./hf_roberta_optuna_FINAL/4/runs/Aug21_09-12-03_fbad269acf75","false","true","100","steps","linear","1","20","512","-1","accuracy","0","109488389","google/electra-base-discriminator","electra","","false","0","12","1","1","12","1","4","adamw_torch_fused","false","./hf_roberta_optuna_FINAL/4","false","false","false","0","-1","4","16","16","absolute","false","single_label_classification","false","<PUSH_TO_HUB_TOKEN>","last","false","true","1","[""wandb""]","false","true","false","trial-4","false","false","true","300","steps","1","42","true","gelu","0.1","first","true","1","false","false","true","50","1","false","float32","false","false","4.55.2","2","1","false","true","false","false","false","false","false","30525","0","0","0.02","0.6800398704211313","0.6899834009393608","0.8622218370437622","0.6827916200470816","0.6800398704211313","8.9555","896.213","56.055","0.6800398704211313","0.6899834009393608","3472370126097408","1.6442451420029895","3300","8.694917678833008","0.00001513909223174462","0.7627","0.9586724321769946","378.3561","339.363","21.218"
"trial-3","finished","-","","","2025-08-21T09:06:04.000Z","349","","google/electra-base-discriminator","true","false","false","true","false","0.9","0.999","1e-8","false","[""ElectraForPreTraining""]","0.1482503684458641","false","false","false","16","false","false","0","0.1482503684458641","false","0","false","true","1800","[]","false","0","true","false","false","false","0.1482503684458641","false","768","0","3","0","true","false","300","steps","false","true","auto","false","O1","[]","0","false","false","false","0","false","1","false","true","false","auto","gelu","0.1482503684458641","768","false","every_save","<HUB_TOKEN>","Extremely Negative","Negative","Neutral","Positive","Extremely Positive","false","[]","false","false","false","0.02","3072","false","false","false","0","4","1","2","3","0","1e-12","0.000015293400640517605","length","1","true","0","passive","warning","true","./hf_roberta_optuna_FINAL/3/runs/Aug21_09-06-12_fbad269acf75","false","true","100","steps","linear","1","20","512","-1","accuracy","0","109488389","google/electra-base-discriminator","electra","","false","0","12","1","1","12","1","3","adamw_torch_fused","false","./hf_roberta_optuna_FINAL/3","false","false","false","0","-1","3","16","16","absolute","false","single_label_classification","false","<PUSH_TO_HUB_TOKEN>","last","false","true","1","[""wandb""]","false","true","false","trial-3","false","false","true","300","steps","1","42","true","gelu","0.1","first","true","1","false","false","true","50","1","false","float32","false","false","4.55.2","2","1","false","true","false","false","false","false","false","30525","0","0","0.02","0.6637179167704959","0.6739745706746187","0.898723304271698","0.6682071510309329","0.6637179167704959","8.3706","958.832","59.972","0.6637179167704959","0.6739745706746187","2367471266355456","1.4947683109118086","3000","9.319064140319824","0.000007675910436081084","0.7791","0.9870836181640624","328.7158","292.958","18.317"
"trial-2","finished","-","","","2025-08-21T09:00:00.000Z","363","","google/electra-base-discriminator","true","false","false","true","false","0.9","0.999","1e-8","false","[""ElectraForPreTraining""]","0.13519042469057574","false","false","false","16","false","false","0","0.13519042469057574","false","0","false","true","1800","[]","false","0","true","false","false","false","0.13519042469057574","false","768","0","4","0","true","false","300","steps","false","true","auto","false","O1","[]","0","false","false","false","0","false","1","false","true","false","auto","gelu","0.13519042469057574","768","false","every_save","<HUB_TOKEN>","Extremely Negative","Negative","Neutral","Positive","Extremely Positive","false","[]","false","false","false","0.02","3072","false","false","false","0","4","1","2","3","0","1e-12","0.000016882760793122672","length","1","true","0","passive","warning","true","./hf_roberta_optuna_FINAL/2/runs/Aug21_09-00-10_fbad269acf75","false","true","100","steps","linear","1","20","512","-1","accuracy","0","109488389","google/electra-base-discriminator","electra","","false","0","12","1","1","12","1","4","adamw_torch_fused","false","./hf_roberta_optuna_FINAL/2","false","false","false","0","-1","3","16","16","absolute","false","single_label_classification","false","<PUSH_TO_HUB_TOKEN>","last","false","true","1","[""wandb""]","false","true","false","trial-2","false","false","true","300","steps","1","42","true","gelu","0.1","first","true","1","false","false","true","50","1","false","float32","false","false","4.55.2","2","1","false","true","false","false","false","false","false","30525","0","0","0.02","0.6731871417891852","0.6824544294350539","0.8855289816856384","0.6762486575724006","0.6731871417891852","8.8845","903.37","56.503","0.6731871417891852","0.6824544294350539","3156628355140608","1.4947683109118086","3000","6.172926425933838","0.000010575909819209508","0.7679","0.973466812133789","341.5329","375.952","23.506"
"trial-1","finished","-","","","2025-08-21T08:49:17.000Z","642","","google/electra-base-discriminator","true","false","false","true","false","0.9","0.999","1e-8","false","[""ElectraForPreTraining""]","0.1226123911969124","false","false","false","16","false","false","0","0.1226123911969124","false","0","false","true","1800","[]","false","0","true","false","false","false","0.1226123911969124","false","768","0","3","0","true","false","300","steps","false","true","auto","false","O1","[]","0","false","false","false","0","false","1","false","true","false","auto","gelu","0.1226123911969124","768","false","every_save","<HUB_TOKEN>","Extremely Negative","Negative","Neutral","Positive","Extremely Positive","false","[]","false","false","false","0.02","3072","false","false","false","0","4","1","2","3","0","1e-12","0.00002795687090878637","length","1","true","0","passive","warning","true","./hf_roberta_optuna_FINAL/1/runs/Aug21_08-49-26_fbad269acf75","false","true","100","steps","linear","1","20","512","-1","accuracy","0","109488389","google/electra-base-discriminator","electra","","false","0","12","1","1","12","1","3","adamw_torch_fused","false","./hf_roberta_optuna_FINAL/1","false","false","false","0","-1","4","16","16","absolute","false","single_label_classification","false","<PUSH_TO_HUB_TOKEN>","last","false","true","1","[""wandb""]","false","true","false","trial-1","false","false","true","300","steps","1","42","true","gelu","0.1","first","true","1","false","false","true","50","1","false","float32","false","false","4.55.2","2","1","false","true","false","false","false","false","false","30525","0","0","0","0.722651383005233","0.7313953092292174","0.8114168643951416","0.7237000289256507","0.722651383005233","8.3206","964.599","60.333","0.722651383005233","0.7313953092292174","4498136204493312","2.8400597907324365","5700","10.684822082519531","0.000001495119155062151","0.6287","0.8109788399411921","622.3277","154.742","9.675"
"trial-0","finished","-","","","2025-08-21T08:38:26.000Z","650","","google/electra-base-discriminator","true","false","false","true","false","0.9","0.999","1e-8","false","[""ElectraForPreTraining""]","0.1716848387041739","false","false","false","16","false","false","0","0.1716848387041739","false","0","false","true","1800","[]","false","0","true","false","false","false","0.1716848387041739","false","768","0","3","0","true","false","300","steps","false","true","auto","false","O1","[]","0","false","false","false","0","false","1","false","true","false","auto","gelu","0.1716848387041739","768","false","every_save","<HUB_TOKEN>","Extremely Negative","Negative","Neutral","Positive","Extremely Positive","false","[]","false","false","false","0.02","3072","false","false","false","0","4","1","2","3","0","1e-12","0.000012612688241920591","length","1","true","0","passive","warning","true","./hf_roberta_optuna_FINAL/0/runs/Aug21_08-38-39_fbad269acf75","false","true","100","steps","linear","1","20","512","-1","accuracy","0","109488389","google/electra-base-discriminator","electra","","false","0","12","1","1","12","1","3","adamw_torch_fused","false","./hf_roberta_optuna_FINAL/0","false","false","false","0","-1","4","16","16","absolute","false","single_label_classification","false","<PUSH_TO_HUB_TOKEN>","last","false","true","1","[""wandb""]","false","true","false","trial-0","false","false","true","300","steps","1","42","true","gelu","0.1","first","true","1","false","false","true","50","1","false","float32","false","false","4.55.2","2","1","false","true","false","false","false","false","false","30525","0","0","0.01","0.6770495888362821","0.6867734611243004","0.884782075881958","0.6813182343441173","0.6770495888362821","8.3156","965.175","60.369","0.6770495888362821","0.6867734611243004","4498136204493312","2.8400597907324365","5700","15.183935165405272","6.74520115246376e-7","0.7548","0.9218923950195312","625.9254","153.852","9.619"
"trial-9","finished","-","","","2025-08-20T21:57:09.000Z","657","","google/electra-base-discriminator","true","false","false","true","false","0.9","0.999","1e-8","false","[""ElectraForPreTraining""]","0.09202532320095404","false","false","false","32","false","false","0","0.09202532320095404","false","0","false","true","1800","[]","false","0","true","false","false","false","0.09202532320095404","false","768","0","4","0","true","false","300","steps","false","true","auto","false","O1","[]","0","false","false","false","0","false","1","false","true","false","auto","gelu","0.09202532320095404","768","false","every_save","<HUB_TOKEN>","Extremely Negative","Negative","Neutral","Positive","Extremely Positive","false","[]","false","false","false","0.02","3072","false","false","false","0","4","1","2","3","0","1e-12","0.00002151671938982203","length","1","true","0","passive","warning","true","./hf_roberta_optuna2/9/runs/Aug20_21-57-18_93b324657de8","false","true","100","steps","linear","1","20","512","-1","accuracy","0","109488389","google/electra-base-discriminator","electra","","false","0","12","1","1","12","1","4","adamw_torch_fused","false","./hf_roberta_optuna2/9","false","false","false","0","-1","4","32","32","absolute","false","single_label_classification","false","<PUSH_TO_HUB_TOKEN>","last","false","true","1","[""wandb""]","false","true","false","trial-9","false","false","true","300","steps","1","42","true","gelu","0.1","first","true","1","false","false","true","50","1","false","float32","false","false","4.55.2","2","1","false","true","false","false","false","false","false","30525","0","0","0.01","0.7241465237976576","0.7321352178240463","0.8225993514060974","0.7259863715032333","0.7241465237976576","8.5937","933.941","29.207","0.7241465237976576","0.7321352178240463","8446092373094400","4","4016","7.721256732940674","9.108173048480442e-8","0.5873","0.7616009097175295","636.033","201.876","6.314"
"trial-8","finished","-","","","2025-08-20T21:48:19.000Z","524","","google/electra-base-discriminator","true","false","false","true","false","0.9","0.999","1e-8","false","[""ElectraForPreTraining""]","0.09000410772901517","false","false","false","32","false","false","0","0.09000410772901517","false","0","false","true","1800","[]","false","0","true","false","false","false","0.09000410772901517","false","768","0","3","0","true","false","300","steps","false","true","auto","false","O1","[]","0","false","false","false","0","false","1","false","true","false","auto","gelu","0.09000410772901517","768","false","every_save","<HUB_TOKEN>","Extremely Negative","Negative","Neutral","Positive","Extremely Positive","false","[]","false","false","false","0.02","3072","false","false","false","0","4","1","2","3","0","1e-12","0.0000199002326515284","length","1","true","0","passive","warning","true","./hf_roberta_optuna2/8/runs/Aug20_21-48-28_93b324657de8","false","true","100","steps","linear","1","20","512","-1","accuracy","0","109488389","google/electra-base-discriminator","electra","","false","0","12","1","1","12","1","3","adamw_torch_fused","false","./hf_roberta_optuna2/8","false","false","false","0","-1","4","32","32","absolute","false","single_label_classification","false","<PUSH_TO_HUB_TOKEN>","last","false","true","1","[""wandb""]","false","true","false","trial-8","false","false","true","300","steps","1","42","true","gelu","0.1","first","true","1","false","false","true","50","1","false","float32","false","false","4.55.2","2","1","false","true","false","false","false","false","false","30525","0","0","0","0.6920009967605283","0.7016296521033455","0.8499225974082947","0.6930867767228066","0.6920009967605283","6.1909","1296.414","40.543","0.6920009967605283","0.7016296521033455","4750926959865600","3","3012","12.653658866882324","8.58907783764506e-8","0.7277","0.9229229797880012","505.8465","190.374","5.954"
"trial-7","finished","-","","","2025-08-20T21:39:12.000Z","541","","google/electra-base-discriminator","true","false","false","true","false","0.9","0.999","1e-8","false","[""ElectraForPreTraining""]","0.08310448155893553","false","false","false","32","false","false","0","0.08310448155893553","false","0","false","true","1800","[]","false","0","true","false","false","false","0.08310448155893553","false","768","0","4","0","true","false","300","steps","false","true","auto","false","O1","[]","0","false","false","false","0","false","1","false","true","false","auto","gelu","0.08310448155893553","768","false","every_save","<HUB_TOKEN>","Extremely Negative","Negative","Neutral","Positive","Extremely Positive","false","[]","false","false","false","0.02","3072","false","false","false","0","4","1","2","3","0","1e-12","0.0000105118119674661","length","1","true","0","passive","warning","true","./hf_roberta_optuna2/7/runs/Aug20_21-39-21_93b324657de8","false","true","100","steps","linear","1","20","512","-1","accuracy","0","109488389","google/electra-base-discriminator","electra","","false","0","12","1","1","12","1","4","adamw_torch_fused","false","./hf_roberta_optuna2/7","false","false","false","0","-1","2","32","32","absolute","false","single_label_classification","false","<PUSH_TO_HUB_TOKEN>","last","false","true","1","[""wandb""]","false","true","false","trial-7","false","false","true","300","steps","1","42","true","gelu","0.1","first","true","1","false","false","true","50","1","false","float32","false","false","4.55.2","2","1","false","true","false","false","false","false","false","30525","0","0","0","0.698729130326439","0.7076560708543299","0.8214462399482727","0.7008532393101449","0.698729130326439","8.6097","932.203","29.153","0.698729130326439","0.7076560708543299","6940793480057856","3.2868525896414345","3300","8.893871307373047","0.0000018767353537532857","0.6994","0.8895447332208807","520.5363","246.669","7.715"
"trial-6","finished","-","","","2025-08-20T21:30:02.000Z","544","","google/electra-base-discriminator","true","false","false","true","false","0.9","0.999","1e-8","false","[""ElectraForPreTraining""]","0.166924792560965","false","false","false","32","false","false","0","0.166924792560965","false","0","false","true","1800","[]","false","0","true","false","false","false","0.166924792560965","false","768","0","4","0","true","false","300","steps","false","true","auto","false","O1","[]","0","false","false","false","0","false","1","false","true","false","auto","gelu","0.166924792560965","768","false","every_save","<HUB_TOKEN>","Extremely Negative","Negative","Neutral","Positive","Extremely Positive","false","[]","false","false","false","0.02","3072","false","false","false","0","4","1","2","3","0","1e-12","0.000013411055882616","length","1","true","0","passive","warning","true","./hf_roberta_optuna2/6/runs/Aug20_21-30-11_93b324657de8","false","true","100","steps","linear","1","20","512","-1","accuracy","0","109488389","google/electra-base-discriminator","electra","","false","0","12","1","1","12","1","4","adamw_torch_fused","false","./hf_roberta_optuna2/6","false","false","false","0","-1","2","32","32","absolute","false","single_label_classification","false","<PUSH_TO_HUB_TOKEN>","last","false","true","1","[""wandb""]","false","true","false","trial-6","false","false","true","300","steps","1","42","true","gelu","0.1","first","true","1","false","false","true","50","1","false","float32","false","false","4.55.2","2","1","false","true","false","false","false","false","false","30525","0","0","0.02","0.6807874408173437","0.6900570402726764","0.8680411577224731","0.6830703314414729","0.6807874408173437","8.5715","936.36","29.283","0.6807874408173437","0.6900570402726764","6940793480057856","3.2868525896414345","3300","7.279448986053467","0.0000023943543495606755","0.7586","0.9363335395581794","521.8985","246.025","7.695"
"trial-5","finished","-","","","2025-08-20T21:22:01.000Z","480","","google/electra-base-discriminator","true","false","false","true","false","0.9","0.999","1e-8","false","[""ElectraForPreTraining""]","0.14325738299975924","false","false","false","32","false","false","0","0.14325738299975924","false","0","false","true","1800","[]","false","0","true","false","false","false","0.14325738299975924","false","768","0","4","0","true","false","300","steps","false","true","auto","false","O1","[]","0","false","false","false","0","false","1","false","true","false","auto","gelu","0.14325738299975924","768","false","every_save","<HUB_TOKEN>","Extremely Negative","Negative","Neutral","Positive","Extremely Positive","false","[]","false","false","false","0.02","3072","false","false","false","0","4","1","2","3","0","1e-12","0.00002440725650434944","length","1","true","0","passive","warning","true","./hf_roberta_optuna2/5/runs/Aug20_21-22-10_93b324657de8","false","true","100","steps","linear","1","20","512","-1","accuracy","0","109488389","google/electra-base-discriminator","electra","","false","0","12","1","1","12","1","4","adamw_torch_fused","false","./hf_roberta_optuna2/5","false","false","false","0","-1","4","32","32","absolute","false","single_label_classification","false","<PUSH_TO_HUB_TOKEN>","last","false","true","1","[""wandb""]","false","true","false","trial-5","false","false","true","300","steps","1","42","true","gelu","0.1","first","true","1","false","false","true","50","1","false","float32","false","false","4.55.2","2","1","false","true","false","false","false","false","false","30525","0","0","0.02","0.7094443060054821","0.7178364347867964","0.8275417685508728","0.7118104245477538","0.7094443060054821","6.2728","1279.493","40.014","0.7094443060054821","0.7178364347867964","5679207766478592","3.585657370517928","3600","13.667863845825195","0.0000025343192137235353","0.6625","0.8366398504045275","438.6327","292.728","9.156"
"trial-4","finished","-","","","2025-08-20T21:11:19.000Z","641","","google/electra-base-discriminator","true","false","false","true","false","0.9","0.999","1e-8","false","[""ElectraForPreTraining""]","0.10409690711752052","false","false","false","16","false","false","0","0.10409690711752052","false","0","false","true","1800","[]","false","0","true","false","false","false","0.10409690711752052","false","768","0","4","0","true","false","300","steps","false","true","auto","false","O1","[]","0","false","false","false","0","false","1","false","true","false","auto","gelu","0.10409690711752052","768","false","every_save","<HUB_TOKEN>","Extremely Negative","Negative","Neutral","Positive","Extremely Positive","false","[]","false","false","false","0.02","3072","false","false","false","0","4","1","2","3","0","1e-12","0.000020941160655308913","length","1","true","0","passive","warning","true","./hf_roberta_optuna2/4/runs/Aug20_21-11-27_93b324657de8","false","true","100","steps","linear","1","20","512","-1","accuracy","0","109488389","google/electra-base-discriminator","electra","","false","0","12","1","1","12","1","4","adamw_torch_fused","false","./hf_roberta_optuna2/4","false","false","false","0","-1","4","16","16","absolute","false","single_label_classification","false","<PUSH_TO_HUB_TOKEN>","last","false","true","1","[""wandb""]","false","true","false","trial-4","false","false","true","300","steps","1","42","true","gelu","0.1","first","true","1","false","false","true","50","1","false","float32","false","false","4.55.2","2","1","false","true","false","false","false","false","false","30525","0","0","0.02","0.7238973336655868","0.7321059992948414","0.7887905240058899","0.7253526085456758","0.7238973336655868","8.4107","954.259","59.686","0.7238973336655868","0.7321059992948414","4498136204493312","2.8400597907324365","5700","12.361149787902832","0.000006075232083484611","0.6355","0.8132311402705678","621.606","206.562","12.915"
"trial-3","finished","-","","","2025-08-20T20:59:48.000Z","690","","google/electra-base-discriminator","true","false","false","true","false","0.9","0.999","1e-8","false","[""ElectraForPreTraining""]","0.08402742154527586","false","false","false","16","false","false","0","0.08402742154527586","false","0","false","true","1800","[]","false","0","true","false","false","false","0.08402742154527586","false","768","0","3","0","true","false","300","steps","false","true","auto","false","O1","[]","0","false","false","false","0","false","1","false","true","false","auto","gelu","0.08402742154527586","768","false","every_save","<HUB_TOKEN>","Extremely Negative","Negative","Neutral","Positive","Extremely Positive","false","[]","false","false","false","0.02","3072","false","false","false","0","4","1","2","3","0","1e-12","0.000011486902365869684","length","1","true","0","passive","warning","true","./hf_roberta_optuna2/3/runs/Aug20_20-59-56_93b324657de8","false","true","100","steps","linear","1","20","512","-1","accuracy","0","109488389","google/electra-base-discriminator","electra","","false","0","12","1","1","12","1","3","adamw_torch_fused","false","./hf_roberta_optuna2/3","false","false","false","0","-1","4","16","16","absolute","false","single_label_classification","false","<PUSH_TO_HUB_TOKEN>","last","false","true","1","[""wandb""]","false","true","false","trial-3","false","false","true","300","steps","1","42","true","gelu","0.1","first","true","1","false","false","true","50","1","false","float32","false","false","4.55.2","2","1","false","true","false","false","false","false","false","30525","0","0","0","0.7110640418639422","0.7200140375156053","0.807566225528717","0.7129583305347243","0.7110640418639422","8.5165","942.401","58.944","0.7110640418639422","0.7200140375156053","4750926959865600","3","6021","7.379383563995361","4.1971740914986394e-8","0.6678","0.839808380261269","668.1497","144.129","9.011"
"trial-2","finished","-","","","2025-08-20T20:53:20.000Z","387","","google/electra-base-discriminator","true","false","false","true","false","0.9","0.999","1e-8","false","[""ElectraForPreTraining""]","0.11656875363523984","false","false","false","32","false","false","0","0.11656875363523984","false","0","false","true","1800","[]","false","0","true","false","false","false","0.11656875363523984","false","768","0","3","0","true","false","300","steps","false","true","auto","false","O1","[]","0","false","false","false","0","false","1","false","true","false","auto","gelu","0.11656875363523984","768","false","every_save","<HUB_TOKEN>","Extremely Negative","Negative","Neutral","Positive","Extremely Positive","false","[]","false","false","false","0.02","3072","false","false","false","0","4","1","2","3","0","1e-12","0.000024305190449583704","length","1","true","0","passive","warning","true","./hf_roberta_optuna2/2/runs/Aug20_20-53-28_93b324657de8","false","true","100","steps","linear","1","20","512","-1","accuracy","0","109488389","google/electra-base-discriminator","electra","","false","0","12","1","1","12","1","3","adamw_torch_fused","false","./hf_roberta_optuna2/2","false","false","false","0","-1","2","32","32","absolute","false","single_label_classification","false","<PUSH_TO_HUB_TOKEN>","last","false","true","1","[""wandb""]","false","true","false","trial-2","false","false","true","300","steps","1","42","true","gelu","0.1","first","true","1","false","false","true","50","1","false","float32","false","false","4.55.2","2","1","false","true","false","false","false","false","false","30525","0","0","0.01","0.7146772987789684","0.7234741000684001","0.8079195022583008","0.7163397809255415","0.7146772987789684","6.2441","1285.372","40.198","0.7146772987789684","0.7234741000684001","4733363823856128","2.98804780876494","3000","6.414886951446533","1.0490288042649009e-7","0.6564","0.830688232421875","367.2769","262.2","8.201"
"trial-1","finished","-","","","2025-08-20T20:45:03.000Z","496","","google/electra-base-discriminator","true","false","false","true","false","0.9","0.999","1e-8","false","[""ElectraForPreTraining""]","0.16050594065080936","false","false","false","32","false","false","0","0.16050594065080936","false","0","false","true","1800","[]","false","0","true","false","false","false","0.16050594065080936","false","768","0","3","0","true","false","300","steps","false","true","auto","false","O1","[]","0","false","false","false","0","false","1","false","true","false","auto","gelu","0.16050594065080936","768","false","every_save","<HUB_TOKEN>","Extremely Negative","Negative","Neutral","Positive","Extremely Positive","false","[]","false","false","false","0.02","3072","false","false","false","0","4","1","2","3","0","1e-12","0.000012765988120965194","length","1","true","0","passive","warning","true","./hf_roberta_optuna2/1/runs/Aug20_20-45-13_93b324657de8","false","true","100","steps","linear","1","20","512","-1","accuracy","0","109488389","google/electra-base-discriminator","electra","","false","0","12","1","1","12","1","3","adamw_torch_fused","false","./hf_roberta_optuna2/1","false","false","false","0","-1","2","32","32","absolute","false","single_label_classification","false","<PUSH_TO_HUB_TOKEN>","last","false","true","1","[""wandb""]","false","true","false","trial-1","false","false","true","300","steps","1","42","true","gelu","0.1","first","true","1","false","false","true","50","1","false","float32","false","false","4.55.2","2","1","false","true","false","false","false","false","false","30525","0","0","0.01","0.6649638674308498","0.6737128763413536","0.9047900438308716","0.6698419489805741","0.6649638674308498","8.5702","936.506","29.288","0.6649638674308498","0.6737128763413536","6311151765141504","2.98804780876494","3000","11.25303554534912","5.5098886312266775e-8","0.782","0.9512943242390952","472.6082","203.763","6.373"
"trial-0","finished","-","","","2025-08-20T20:39:29.000Z","333","","google/electra-base-discriminator","true","false","false","true","false","0.9","0.999","1e-8","false","[""ElectraForPreTraining""]","0.16732872000588617","false","false","false","16","false","false","0","0.16732872000588617","false","0","false","true","1800","[]","false","0","true","false","false","false","0.16732872000588617","false","768","0","4","0","true","false","300","steps","false","true","auto","false","O1","[]","0","false","false","false","0","false","1","false","true","false","auto","gelu","0.16732872000588617","768","false","every_save","<HUB_TOKEN>","Extremely Negative","Negative","Neutral","Positive","Extremely Positive","false","[]","false","false","false","0.02","3072","false","false","false","0","4","1","2","3","0","1e-12","0.00002398838827086039","length","1","true","0","passive","warning","true","./hf_roberta_optuna2/0/runs/Aug20_20-39-44_93b324657de8","false","true","100","steps","linear","1","20","512","-1","accuracy","0","109488389","google/electra-base-discriminator","electra","","false","0","12","1","1","12","1","4","adamw_torch_fused","false","./hf_roberta_optuna2/0","false","false","false","0","-1","2","16","16","absolute","false","single_label_classification","false","<PUSH_TO_HUB_TOKEN>","last","false","true","1","[""wandb""]","false","true","false","trial-0","false","false","true","300","steps","1","42","true","gelu","0.1","first","true","1","false","false","true","50","1","false","float32","false","false","4.55.2","2","1","false","true","false","false","false","false","false","30525","0","0","0","0.639795664091702","0.6511765549639632","0.9367518424987792","0.6472018586456364","0.639795664091702","8.9727","894.49","55.947","0.639795664091702","0.6511765549639632","2840886584183808","1.3452914798206277","2700","13.543152809143066","0.000015923532772224094","0.8153","1.1363945939805773","306.1573","419.392","26.222"
"trial-9","finished","-","","","2025-08-20T16:13:32.000Z","623","","google/electra-base-discriminator","true","false","false","true","false","0.9","0.999","1e-8","false","[""ElectraForPreTraining""]","0.16178060851424608","false","false","false","32","false","false","0","0.16178060851424608","false","0","false","true","1800","[]","false","0","true","false","false","false","0.16178060851424608","false","768","0","4","0","true","false","300","steps","false","true","auto","false","O1","[]","0","false","false","false","0","false","1","false","true","false","auto","gelu","0.16178060851424608","768","false","every_save","<HUB_TOKEN>","Extremely Negative","Negative","Neutral","Positive","Extremely Positive","false","[]","false","false","false","0.02","3072","false","false","false","0","4","1","2","3","0","1e-12","0.000018627464933614093","length","1","true","0","passive","warning","true","./hf_roberta_optuna/9/runs/Aug20_16-13-41_5fb350912aa2","false","true","100","steps","linear","1","20","512","-1","accuracy","0","109488389","google/electra-base-discriminator","electra","","false","0","12","1","1","12","1","4","adamw_torch_fused","false","./hf_roberta_optuna/9","false","false","false","0","-1","3","32","32","absolute","false","single_label_classification","false","<PUSH_TO_HUB_TOKEN>","last","false","true","1","[""wandb""]","false","true","false","trial-9","false","false","true","300","steps","1","42","true","gelu","0.1","first","true","1","false","false","true","50","1","false","float32","false","false","4.55.2","2","1","false","true","false","false","false","false","false","30525","0","0","0.02","0.6951158734114129","0.7033982843262183","0.8551834225654602","0.698646503928187","0.6951158734114129","8.3157","965.164","30.184","0.6951158734114129","0.7033982843262183","7572277021971456","3.585657370517928","3600","6.902745723724365","0.000001934176513276165","0.7319","0.9135684437221951","593.5625","216.321","6.766"
"trial-8","finished","-","","","2025-08-20T16:03:52.000Z","579","","google/electra-base-discriminator","true","false","false","true","false","0.9","0.999","1e-8","false","[""ElectraForPreTraining""]","0.10612511451237852","false","false","false","32","false","false","0","0.10612511451237852","false","0","false","true","1800","[]","false","0","true","false","false","false","0.10612511451237852","false","768","0","4","0","true","false","300","steps","false","true","auto","false","O1","[]","0","false","false","false","0","false","1","false","true","false","auto","gelu","0.10612511451237852","768","false","every_save","<HUB_TOKEN>","Extremely Negative","Negative","Neutral","Positive","Extremely Positive","false","[]","false","false","false","0.02","3072","false","false","false","0","4","1","2","3","0","1e-12","0.0000102860231351855","length","1","true","0","passive","warning","true","./hf_roberta_optuna/8/runs/Aug20_16-04-01_5fb350912aa2","false","true","100","steps","linear","1","20","512","-1","accuracy","0","109488389","google/electra-base-discriminator","electra","","false","0","12","1","1","12","1","4","adamw_torch_fused","false","./hf_roberta_optuna/8","false","false","false","0","-1","3","32","32","absolute","false","single_label_classification","false","<PUSH_TO_HUB_TOKEN>","last","false","true","1","[""wandb""]","false","true","false","trial-8","false","false","true","300","steps","1","42","true","gelu","0.1","first","true","1","false","false","true","50","1","false","float32","false","false","4.55.2","2","1","false","true","false","false","false","false","false","30525","0","0","0.01","0.6891353102417145","0.6976502079838871","0.8446169495582581","0.6898375193794203","0.6891353102417145","8.338","962.577","30.103","0.6891353102417145","0.6976502079838871","7572277021971456","3.585657370517928","3600","9.208133697509766","0.000001068045728927379","0.7434","0.9050422011481392","558.7926","229.781","7.187"
"trial-7","finished","-","","","2025-08-20T15:56:23.000Z","449","","google/electra-base-discriminator","true","false","false","true","false","0.9","0.999","1e-8","false","[""ElectraForPreTraining""]","0.1295732320781348","false","false","false","32","false","false","0","0.1295732320781348","false","0","false","true","1800","[]","false","0","true","false","false","false","0.1295732320781348","false","768","0","4","0","true","false","300","steps","false","true","auto","false","O1","[]","0","false","false","false","0","false","1","false","true","false","auto","gelu","0.1295732320781348","768","false","every_save","<HUB_TOKEN>","Extremely Negative","Negative","Neutral","Positive","Extremely Positive","false","[]","false","false","false","0.02","3072","false","false","false","0","4","1","2","3","0","1e-12","0.000020689475180783103","length","1","true","0","passive","warning","true","./hf_roberta_optuna/7/runs/Aug20_15-56-31_5fb350912aa2","false","true","100","steps","linear","1","20","512","-1","accuracy","0","109488389","google/electra-base-discriminator","electra","","false","0","12","1","1","12","1","4","adamw_torch_fused","false","./hf_roberta_optuna/7","false","false","false","0","-1","3","32","32","absolute","false","single_label_classification","false","<PUSH_TO_HUB_TOKEN>","last","false","true","1","[""wandb""]","false","true","false","trial-7","false","false","true","300","steps","1","42","true","gelu","0.1","first","true","1","false","false","true","50","1","false","float32","false","false","4.55.2","2","1","false","true","false","false","false","false","false","30525","0","0","0","0.6949912783453775","0.7037811357263054","0.8562872409820557","0.6994868702754672","0.6949912783453775","6.1222","1310.976","40.999","0.6949912783453775","0.7037811357263054","5679207766478592","3.585657370517928","3600","6.902587890625","0.000002148284649000636","0.6722","0.8438135316636828","432.1081","297.148","9.294"
"trial-6","finished","-","","","2025-08-20T15:52:41.000Z","221","","google/electra-base-discriminator","true","false","false","true","false","0.9","0.999","1e-8","false","[""ElectraForPreTraining""]","0.11705473916178728","false","false","false","16","false","false","0","0.11705473916178728","false","0","false","true","1800","[]","false","0","true","false","false","false","0.11705473916178728","false","768","0","4","0","true","false","300","steps","false","true","auto","false","O1","[]","0","false","false","false","0","false","1","false","true","false","auto","gelu","0.11705473916178728","768","false","every_save","<HUB_TOKEN>","Extremely Negative","Negative","Neutral","Positive","Extremely Positive","false","[]","false","false","false","0.02","3072","false","false","false","0","4","1","2","3","0","1e-12","0.000015653246315833016","length","1","true","0","passive","warning","true","./hf_roberta_optuna/6/runs/Aug20_15-52-50_5fb350912aa2","false","true","100","steps","linear","1","20","512","-1","accuracy","0","109488389","google/electra-base-discriminator","electra","","false","0","12","1","1","12","1","4","adamw_torch_fused","false","./hf_roberta_optuna/6","false","false","false","0","-1","2","16","16","absolute","false","single_label_classification","false","<PUSH_TO_HUB_TOKEN>","last","false","true","1","[""wandb""]","false","true","false","trial-6","false","false","true","300","steps","1","42","true","gelu","0.1","first","true","1","false","false","true","50","1","false","float32","false","false","4.55.2","2","1","false","true","false","false","false","false","false","30525","0","0","0.01","0.6470221779217543","0.6565318048180028","0.9222827553749084","0.6609294646779669","0.6470221779217543","8.7635","915.845","57.283","0.6470221779217543","0.6565318048180028","1894450625740800","0.8968609865470852","1800","14.228520393371582","0.000012145499663842036","0.8694","1.0664704428778755","201.7443","636.449","39.793"
"trial-5","finished","-","","","2025-08-20T15:47:04.000Z","336","","google/electra-base-discriminator","true","false","false","true","false","0.9","0.999","1e-8","false","[""ElectraForPreTraining""]","0.14165780944070153","false","false","false","16","false","false","0","0.14165780944070153","false","0","false","true","1800","[]","false","0","true","false","false","false","0.14165780944070153","false","768","0","4","0","true","false","300","steps","false","true","auto","false","O1","[]","0","false","false","false","0","false","1","false","true","false","auto","gelu","0.14165780944070153","768","false","every_save","<HUB_TOKEN>","Extremely Negative","Negative","Neutral","Positive","Extremely Positive","false","[]","false","false","false","0.02","3072","false","false","false","0","4","1","2","3","0","1e-12","0.000019836568718832124","length","1","true","0","passive","warning","true","./hf_roberta_optuna/5/runs/Aug20_15-47-14_5fb350912aa2","false","true","100","steps","linear","1","20","512","-1","accuracy","0","109488389","google/electra-base-discriminator","electra","","false","0","12","1","1","12","1","4","adamw_torch_fused","false","./hf_roberta_optuna/5","false","false","false","0","-1","3","16","16","absolute","false","single_label_classification","false","<PUSH_TO_HUB_TOKEN>","last","false","true","1","[""wandb""]","false","true","false","trial-5","false","false","true","300","steps","1","42","true","gelu","0.1","first","true","1","false","false","true","50","1","false","float32","false","false","4.55.2","2","1","false","true","false","false","false","false","false","30525","0","0","0.02","0.6733117368552205","0.6831860309753004","0.9014437794685364","0.6782576745513634","0.6733117368552205","7.9628","1007.939","63.043","0.6733117368552205","0.6831860309753004","2367471266355456","1.4947683109118086","3000","10.976375579833984","0.000012426271062158289","0.7455","0.9847115071614584","316.1042","406.195","25.397"
"trial-4","finished","-","","","2025-08-20T15:41:41.000Z","321","","google/electra-base-discriminator","true","false","false","true","false","0.9","0.999","1e-8","false","[""ElectraForPreTraining""]","0.13219163099056264","false","false","false","16","false","false","0","0.13219163099056264","false","0","false","true","1800","[]","false","0","true","false","false","false","0.13219163099056264","false","768","0","3","0","true","false","300","steps","false","true","auto","false","O1","[]","0","false","false","false","0","false","1","false","true","false","auto","gelu","0.13219163099056264","768","false","every_save","<HUB_TOKEN>","Extremely Negative","Negative","Neutral","Positive","Extremely Positive","false","[]","false","false","false","0.02","3072","false","false","false","0","4","1","2","3","0","1e-12","0.000021047381349584537","length","1","true","0","passive","warning","true","./hf_roberta_optuna/4/runs/Aug20_15-41-50_5fb350912aa2","false","true","100","steps","linear","1","20","512","-1","accuracy","0","109488389","google/electra-base-discriminator","electra","","false","0","12","1","1","12","1","3","adamw_torch_fused","false","./hf_roberta_optuna/4","false","false","false","0","-1","2","16","16","absolute","false","single_label_classification","false","<PUSH_TO_HUB_TOKEN>","last","false","true","1","[""wandb""]","false","true","false","trial-4","false","false","true","300","steps","1","42","true","gelu","0.1","first","true","1","false","false","true","50","1","false","float32","false","false","4.55.2","2","1","false","true","false","false","false","false","false","30525","0","0","0.02","0.6814104161475205","0.6908538858977096","0.8580924272537231","0.6855176187082518","0.6814104161475205","8.735","918.829","57.47","0.6814104161475205","0.6908538858977096","2840886584183808","1.3452914798206277","2700","10.394835472106934","0.00001161258941094832","0.7921","1.017380670618128","298.6277","322.475","20.162"
"trial-3","finished","-","","","2025-08-20T15:38:00.000Z","220","","google/electra-base-discriminator","true","false","false","true","false","0.9","0.999","1e-8","false","[""ElectraForPreTraining""]","0.1346573256280626","false","false","false","16","false","false","0","0.1346573256280626","false","0","false","true","1800","[]","false","0","true","false","false","false","0.1346573256280626","false","768","0","3","0","true","false","300","steps","false","true","auto","false","O1","[]","0","false","false","false","0","false","1","false","true","false","auto","gelu","0.1346573256280626","768","false","every_save","<HUB_TOKEN>","Extremely Negative","Negative","Neutral","Positive","Extremely Positive","false","[]","false","false","false","0.02","3072","false","false","false","0","4","1","2","3","0","1e-12","0.000021587345315581463","length","1","true","0","passive","warning","true","./hf_roberta_optuna/3/runs/Aug20_15-38-09_5fb350912aa2","false","true","100","steps","linear","1","20","512","-1","accuracy","0","109488389","google/electra-base-discriminator","electra","","false","0","12","1","1","12","1","3","adamw_torch_fused","false","./hf_roberta_optuna/3","false","false","false","0","-1","2","16","16","absolute","false","single_label_classification","false","<PUSH_TO_HUB_TOKEN>","last","false","true","1","[""wandb""]","false","true","false","trial-3","false","false","true","300","steps","1","42","true","gelu","0.1","first","true","1","false","false","true","50","1","false","float32","false","false","4.55.2","2","1","false","true","false","false","false","false","false","30525","0","0","0.02","0.6523797657612759","0.6635051138983401","0.9057216644287108","0.6588617731816088","0.6523797657612759","8.7354","918.791","57.467","0.6523797657612759","0.6635051138983401","1894450625740800","0.8968609865470852","1800","13.297093391418455","0.000015137314718881407","0.8696","1.0599085659450955","199.9678","481.578","30.11"
"trial-2","finished","-","","","2025-08-20T15:31:39.000Z","380","","google/electra-base-discriminator","true","false","false","true","false","0.9","0.999","1e-8","false","[""ElectraForPreTraining""]","0.16352795465803285","false","false","false","32","false","false","0","0.16352795465803285","false","0","false","true","1800","[]","false","0","true","false","false","false","0.16352795465803285","false","768","0","3","0","true","false","300","steps","false","true","auto","false","O1","[]","0","false","false","false","0","false","1","false","true","false","auto","gelu","0.16352795465803285","768","false","every_save","<HUB_TOKEN>","Extremely Negative","Negative","Neutral","Positive","Extremely Positive","false","[]","false","false","false","0.02","3072","false","false","false","0","4","1","2","3","0","1e-12","0.00002766670415640418","length","1","true","0","passive","warning","true","./hf_roberta_optuna/2/runs/Aug20_15-31-47_5fb350912aa2","false","true","100","steps","linear","1","20","512","-1","accuracy","0","109488389","google/electra-base-discriminator","electra","","false","0","12","1","1","12","1","3","adamw_torch_fused","false","./hf_roberta_optuna/2","false","false","false","0","-1","4","32","32","absolute","false","single_label_classification","false","<PUSH_TO_HUB_TOKEN>","last","false","true","1","[""wandb""]","false","true","false","trial-2","false","false","true","300","steps","1","42","true","gelu","0.1","first","true","1","false","false","true","50","1","false","float32","false","false","4.55.2","2","1","false","true","false","false","false","false","false","30525","0","0","0.01","0.6871417891851482","0.6970196283616247","0.8810853362083435","0.693385544324506","0.6871417891851482","6.0706","1322.12","41.347","0.6871417891851482","0.6970196283616247","4750926959865600","3","3012","7.751153945922852","1.19411405721532e-7","0.704","0.8751421031723934","362.9634","265.316","8.298"
"trial-1","finished","-","","","2025-08-20T15:20:39.000Z","660","","google/electra-base-discriminator","true","false","false","true","false","0.9","0.999","1e-8","false","[""ElectraForPreTraining""]","0.1686969927994374","false","false","false","16","false","false","0","0.1686969927994374","false","0","false","true","1800","[]","false","0","true","false","false","false","0.1686969927994374","false","768","0","4","0","true","false","300","steps","false","true","auto","false","O1","[]","0","false","false","false","0","false","1","false","true","false","auto","gelu","0.1686969927994374","768","false","every_save","<HUB_TOKEN>","Extremely Negative","Negative","Neutral","Positive","Extremely Positive","false","[]","false","false","false","0.02","3072","false","false","false","0","4","1","2","3","0","1e-12","0.00001312296056310258","length","1","true","0","passive","warning","true","./hf_roberta_optuna/1/runs/Aug20_15-20-48_5fb350912aa2","false","true","100","steps","linear","1","20","512","-1","accuracy","0","109488389","google/electra-base-discriminator","electra","","false","0","12","1","1","12","1","4","adamw_torch_fused","false","./hf_roberta_optuna/1","false","false","false","0","-1","4","16","16","absolute","false","single_label_classification","false","<PUSH_TO_HUB_TOKEN>","last","false","true","1","[""wandb""]","false","true","false","trial-1","false","false","true","300","steps","1","42","true","gelu","0.1","first","true","1","false","false","true","50","1","false","float32","false","false","4.55.2","2","1","false","true","false","false","false","false","false","30525","0","0","0","0.6944928980812359","0.7036047546470928","0.8578283786773682","0.6974499217051697","0.6944928980812359","8.74","918.305","57.437","0.6944928980812359","0.7036047546470928","5997514939324416","2.8400597907324365","5700","12.927936553955078","0.000003807097054243387","0.7339","0.910047448141533","638.4447","201.114","12.574"
"trial-0","finished","-","","","2025-08-20T15:13:38.000Z","421","","google/electra-base-discriminator","true","false","false","true","false","0.9","0.999","1e-8","false","[""ElectraForPreTraining""]","0.08066275267017556","false","false","false","32","false","false","0","0.08066275267017556","false","0","false","true","1800","[]","false","0","true","false","false","false","0.08066275267017556","false","768","0","4","0","true","false","300","steps","false","true","auto","false","O1","[]","0","false","false","false","0","false","1","false","true","false","auto","gelu","0.08066275267017556","768","false","every_save","<HUB_TOKEN>","Extremely Negative","Negative","Neutral","Positive","Extremely Positive","false","[]","false","false","false","0.02","3072","false","false","false","0","4","1","2","3","0","1e-12","0.000011198686365799085","length","1","true","0","passive","warning","true","./hf_roberta_optuna/0/runs/Aug20_15-13-46_5fb350912aa2","false","true","100","steps","linear","1","20","512","-1","accuracy","0","109488389","google/electra-base-discriminator","electra","","false","0","12","1","1","12","1","4","adamw_torch_fused","false","./hf_roberta_optuna/0","false","false","false","0","-1","2","32","32","absolute","false","single_label_classification","false","<PUSH_TO_HUB_TOKEN>","last","false","true","1","[""wandb""]","false","true","false","trial-0","false","false","true","300","steps","1","42","true","gelu","0.1","first","true","1","false","false","true","50","1","false","float32","false","false","4.55.2","2","1","false","true","false","false","false","false","false","30525","0","0","0.02","0.7095689010715176","0.7182582341513922","0.8131577968597412","0.711279760117647","0.7095689010715176","6.1062","1314.412","41.106","0.7095689010715176","0.7182582341513922","5205595110043392","3.2868525896414345","3300","9.801838874816896","0.0000019993670628182127","0.6691","0.8722519360166607","404.5335","317.403","9.927"
"trial-0","finished","-","","","2025-08-20T15:13:05.000Z","11","","","","","","","","","","","","","","","","","32","","","","","","","","","","","","","","","","","0.16160281778065763","","","","3","","","","","","","","","","","","","","","","","","","","","","","","","","","","","","","","","","","","","","","","","","","","","","","","","","","0.00002077723243157286","","","","","","","","","","","","","","","96","","","","","","google/electra-base-discriminator","","","","","","","","","","","","","","","","","","","4","","","","","","","","","","","","","","","","","","","","","","","","","","","","","","","","","","","","","","","","","","","","","","","","","","0.1","","0.01","","","","","","","","","","","","","","","","","","","",""
"trial-9","finished","-","","","2025-08-19T17:12:02.000Z","574","","google/electra-base-discriminator","true","false","false","true","false","0.9","0.999","1e-8","false","[""ElectraForPreTraining""]","0.17537983200350366","false","false","false","32","false","false","0","0.17537983200350366","false","0","false","true","1800","[]","false","0","true","false","false","false","0.17537983200350366","false","768","0","5","0","true","false","300","steps","false","true","auto","false","O1","[]","0","false","false","false","0","false","1","false","true","false","auto","gelu","0.17537983200350366","768","false","every_save","<HUB_TOKEN>","Extremely Negative","Negative","Neutral","Positive","Extremely Positive","false","[]","false","false","false","0.02","3072","false","false","false","0","4","1","2","3","0.1","1e-12","0.000010764303518929264","length","1","true","0","passive","warning","true","./hf_roberta_optuna/9/runs/Aug19_17-12-10_59d4ba33cc23","false","true","100","steps","linear","1","20","512","-1","accuracy","0","109488389","google/electra-base-discriminator","electra","","false","0","12","1","1","12","1","5","adamw_torch","false","./hf_roberta_optuna/9","false","false","false","0","-1","2","32","32","absolute","false","single_label_classification","false","<PUSH_TO_HUB_TOKEN>","last","false","true","1","[""wandb""]","false","true","false","trial-9","false","false","true","300","steps","1","42","true","gelu","0.1","first","true","1","false","false","true","50","1","false","float32","false","false","4.55.2","2","1","false","true","false","false","false","false","false","30525","0.01","0","0.01","0.657612758534762","0.6669500365377327","1.0895084142684937","0.6656125916737321","0.657612758534762","6.1958","1295.393","40.511","0.657612758534762","0.6669500365377327","6152820422913792","3.8844621513944224","3900","9.61268424987793","0.000002434911884740691","0.9525","1.085333488659981","556.5123","288.403","9.02"
"trial-8","finished","-","","","2025-08-19T17:00:11.000Z","711","","google/electra-base-discriminator","true","false","false","true","false","0.9","0.999","1e-8","false","[""ElectraForPreTraining""]","0.0941797853780079","false","false","false","32","false","false","0","0.0941797853780079","false","0","false","true","1800","[]","false","0","true","false","false","false","0.0941797853780079","false","768","0","5","0","true","false","300","steps","false","true","auto","false","O1","[]","0","false","false","false","0","false","2","false","true","false","auto","gelu","0.0941797853780079","768","false","every_save","<HUB_TOKEN>","Extremely Negative","Negative","Neutral","Positive","Extremely Positive","false","[]","false","false","false","0.02","3072","false","false","false","0","4","1","2","3","0.05","1e-12","0.000015167839981240433","length","1","true","0","passive","warning","true","./hf_roberta_optuna/8/runs/Aug19_17-00-20_59d4ba33cc23","false","true","100","steps","cosine","1","20","512","-1","accuracy","0","109488389","google/electra-base-discriminator","electra","","false","0","12","1","1","12","1","5","adamw_torch","false","./hf_roberta_optuna/8","false","false","false","0","-1","3","32","32","absolute","false","single_label_classification","false","<PUSH_TO_HUB_TOKEN>","last","false","true","1","[""wandb""]","false","true","false","trial-8","false","false","true","300","steps","1","42","true","gelu","0.1","first","true","1","false","false","true","50","1","false","float32","false","false","4.55.2","2","1","false","true","false","false","false","false","false","30525","0.1","0","0.01","0.7040867181659606","0.7132679420815411","0.9239559173583984","0.7061413948877256","0.7040867181659606","8.4421","950.713","29.732","0.7040867181659606","0.7132679420815411","10557615466368000","5","2510","4.886950492858887","1.0560474766964572e-9","0.7515","0.928593349836737","691.4087","232.135","3.63"
"trial-7","finished","-","","","2025-08-19T16:54:57.000Z","314","","google/electra-base-discriminator","true","false","false","true","false","0.9","0.999","1e-8","false","[""ElectraForPreTraining""]","0.2996591034934042","false","false","false","32","false","false","0","0.2996591034934042","false","0","false","true","1800","[]","false","0","true","false","false","false","0.2996591034934042","false","768","0","5","0","true","false","300","steps","false","true","auto","false","O1","[]","0","false","false","false","0","false","2","false","true","false","auto","gelu","0.2996591034934042","768","false","every_save","<HUB_TOKEN>","Extremely Negative","Negative","Neutral","Positive","Extremely Positive","false","[]","false","false","false","0.02","3072","false","false","false","0","4","1","2","3","0","1e-12","0.00002656754973068111","length","1","true","0","passive","warning","true","./hf_roberta_optuna/7/runs/Aug19_16-55-05_59d4ba33cc23","false","true","100","steps","linear","1","20","512","-1","accuracy","0","109488389","google/electra-base-discriminator","electra","","false","0","12","1","1","12","1","5","adamw_torch","false","./hf_roberta_optuna/7","false","false","false","0","-1","2","32","32","absolute","false","single_label_classification","false","<PUSH_TO_HUB_TOKEN>","last","false","true","1","[""wandb""]","false","true","false","trial-7","false","false","true","300","steps","1","42","true","gelu","0.1","first","true","1","false","false","true","50","1","false","float32","false","false","4.55.2","2","1","false","true","false","false","false","false","false","30525","0.1","0","0","0.5196860204335908","0.5223733172980612","1.2885453701019287","0.5564644170694478","0.5196860204335908","4.7249","1698.675","53.123","0.5196860204335908","0.5223733172980612","3786138510985728","3.585657370517928","1800","8.079216003417969","0.000008397180392964282","0.8876","1.1501399358113606","299.4693","535.948","8.381"
"trial-6","finished","-","","","2025-08-19T16:41:58.000Z","778","","google/electra-base-discriminator","true","false","false","true","false","0.9","0.999","1e-8","false","[""ElectraForPreTraining""]","0.26731319014168586","false","false","false","16","false","false","0","0.26731319014168586","false","0","false","true","1800","[]","false","0","true","false","false","false","0.26731319014168586","false","768","0","5","0","true","false","300","steps","false","true","auto","false","O1","[]","0","false","false","false","0","false","4","false","true","false","auto","gelu","0.26731319014168586","768","false","every_save","<HUB_TOKEN>","Extremely Negative","Negative","Neutral","Positive","Extremely Positive","false","[]","false","false","false","0.02","3072","false","false","false","0","4","1","2","3","0.1","1e-12","0.00001614950620075901","length","1","true","0","passive","warning","true","./hf_roberta_optuna/6/runs/Aug19_16-42-07_59d4ba33cc23","false","true","100","steps","linear","1","20","512","-1","accuracy","0","109488389","google/electra-base-discriminator","electra","","false","0","12","1","1","12","1","5","adamw_torch","false","./hf_roberta_optuna/6","false","false","false","0","-1","3","16","16","absolute","false","single_label_classification","false","<PUSH_TO_HUB_TOKEN>","last","false","true","1","[""wandb""]","false","true","false","trial-6","false","false","true","300","steps","1","42","true","gelu","0.1","first","true","1","false","false","true","50","1","false","float32","false","false","4.55.2","2","1","false","true","false","false","false","false","false","30525","0.01","0","0.03","0.5576875155743832","0.5638171869351103","1.323312520980835","0.5879087898313402","0.5576875155743832","9.265","866.267","54.182","0.5576875155743832","0.5638171869351103","10557615466368000","5","2510","4.261507511138916","9.101976119590425e-8","1.031","1.1699791019181331","758.2171","211.681","3.31"
"trial-5","finished","-","","","2025-08-19T16:37:05.000Z","293","","google/electra-base-discriminator","true","false","false","true","false","0.9","0.999","1e-8","false","[""ElectraForPreTraining""]","0.0633674770815544","false","false","false","32","false","false","0","0.0633674770815544","false","0","false","true","1800","[]","false","0","true","false","false","false","0.0633674770815544","false","768","0","4","0","true","false","300","steps","false","true","auto","false","O1","[]","0","false","false","false","0","false","4","false","true","false","auto","gelu","0.0633674770815544","768","false","every_save","<HUB_TOKEN>","Extremely Negative","Negative","Neutral","Positive","Extremely Positive","false","[]","false","false","false","0.02","3072","false","false","false","0","4","1","2","3","0.05","1e-12","0.000010665350569573491","length","1","true","0","passive","warning","true","./hf_roberta_optuna/5/runs/Aug19_16-37-11_59d4ba33cc23","false","true","100","steps","linear","1","20","512","-1","accuracy","0","109488389","google/electra-base-discriminator","electra","","false","0","12","1","1","12","1","4","adamw_torch","false","./hf_roberta_optuna/5","false","false","false","0","-1","1","32","32","absolute","false","single_label_classification","false","<PUSH_TO_HUB_TOKEN>","last","false","true","1","[""wandb""]","false","true","false","trial-5","false","false","true","300","steps","1","42","true","gelu","0.1","first","true","1","false","false","true","50","1","false","float32","false","false","4.55.2","2","1","false","true","false","false","false","false","false","30525","0.1","0","0.03","0.6592324943932221","0.6696646732580266","0.9696866273880004","0.6607754350949793","0.6592324943932221","4.8353","1659.891","51.91","0.6592324943932221","0.6696646732580266","4223046186547200","4","1004","4.528299331665039","7.086611674135213e-8","0.894","1.0776738940007182","279.5999","459.228","3.591"
"trial-4","finished","-","","","2025-08-19T16:33:24.000Z","220","","google/electra-base-discriminator","true","false","false","true","false","0.9","0.999","1e-8","false","[""ElectraForPreTraining""]","0.2879096652371134","false","false","false","16","false","false","0","0.2879096652371134","false","0","false","true","1800","[]","false","0","true","false","false","false","0.2879096652371134","false","768","0","3","0","true","false","300","steps","false","true","auto","false","O1","[]","0","false","false","false","0","false","1","false","true","false","auto","gelu","0.2879096652371134","768","false","every_save","<HUB_TOKEN>","Extremely Negative","Negative","Neutral","Positive","Extremely Positive","false","[]","false","false","false","0.02","3072","false","false","false","0","4","1","2","3","0.1","1e-12","0.000016701890079644464","length","1","true","0","passive","warning","true","./hf_roberta_optuna/4/runs/Aug19_16-33-31_59d4ba33cc23","false","true","100","steps","cosine","1","20","512","-1","accuracy","0","109488389","google/electra-base-discriminator","electra","","false","0","12","1","1","12","1","3","adamw_torch","false","./hf_roberta_optuna/4","false","false","false","0","-1","1","16","16","absolute","false","single_label_classification","false","<PUSH_TO_HUB_TOKEN>","last","false","true","1","[""wandb""]","false","true","false","trial-4","false","false","true","300","steps","1","42","true","gelu","0.1","first","true","1","false","false","true","50","1","false","float32","false","false","4.55.2","2","1","false","true","false","false","false","false","false","30525","0.01","0","0.01","0.4749563917268877","0.47439012174554024","1.2940430641174316","0.5097173658842333","0.4749563917268877","9.1278","879.292","54.997","0.4749563917268877","0.47439012174554024","789354427392000","0.7473841554559043","1500","12.84620761871338","0.00001443068168491572","1.2104","1.4403116811116536","201.4395","478.059","29.89"
"trial-3","finished","-","","","2025-08-19T16:21:13.000Z","730","","google/electra-base-discriminator","true","false","false","true","false","0.9","0.999","1e-8","false","[""ElectraForPreTraining""]","0.11266208697677337","false","false","false","16","false","false","0","0.11266208697677337","false","0","false","true","1800","[]","false","0","true","false","false","false","0.11266208697677337","false","768","0","5","0","true","false","300","steps","false","true","auto","false","O1","[]","0","false","false","false","0","false","1","false","true","false","auto","gelu","0.11266208697677337","768","false","every_save","<HUB_TOKEN>","Extremely Negative","Negative","Neutral","Positive","Extremely Positive","false","[]","false","false","false","0.02","3072","false","false","false","0","4","1","2","3","0","1e-12","0.000011161627413943968","length","1","true","0","passive","warning","true","./hf_roberta_optuna/3/runs/Aug19_16-21-21_59d4ba33cc23","false","true","100","steps","cosine","1","20","512","-1","accuracy","0","109488389","google/electra-base-discriminator","electra","","false","0","12","1","1","12","1","5","adamw_torch","false","./hf_roberta_optuna/3","false","false","false","0","-1","3","16","16","absolute","false","single_label_classification","false","<PUSH_TO_HUB_TOKEN>","last","false","true","1","[""wandb""]","false","true","false","trial-3","false","false","true","300","steps","1","42","true","gelu","0.1","first","true","1","false","false","true","50","1","false","float32","false","false","4.55.2","2","1","false","true","false","false","false","false","false","30525","0.1","0","0.01","0.7162970346374283","0.7250368028435272","0.8129568696022034","0.716992317594231","0.7162970346374283","8.5935","933.957","58.416","0.7162970346374283","0.7250368028435272","4261329876275712","2.6905829596412554","5400","6.423277854919434","0.0000058205009438587","0.7034","0.9462522351300277","712.109","225.387","14.092"
"trial-2","finished","-","","","2025-08-19T16:13:22.000Z","470","","google/electra-base-discriminator","true","false","false","true","false","0.9","0.999","1e-8","false","[""ElectraForPreTraining""]","0.11261412871032173","false","false","false","16","false","false","0","0.11261412871032173","false","0","false","true","1800","[]","false","0","true","false","false","false","0.11261412871032173","false","768","0","4","0","true","false","300","steps","false","true","auto","false","O1","[]","0","false","false","false","0","false","4","false","true","false","auto","gelu","0.11261412871032173","768","false","every_save","<HUB_TOKEN>","Extremely Negative","Negative","Neutral","Positive","Extremely Positive","false","[]","false","false","false","0.02","3072","false","false","false","0","4","1","2","3","0","1e-12","0.000013014375399452227","length","1","true","0","passive","warning","true","./hf_roberta_optuna/2/runs/Aug19_16-13-31_59d4ba33cc23","false","true","100","steps","cosine","1","20","512","-1","accuracy","0","109488389","google/electra-base-discriminator","electra","","false","0","12","1","1","12","1","4","adamw_torch","false","./hf_roberta_optuna/2","false","false","false","0","-1","1","16","16","absolute","false","single_label_classification","false","<PUSH_TO_HUB_TOKEN>","last","false","true","1","[""wandb""]","false","true","false","trial-2","false","false","true","300","steps","1","42","true","gelu","0.1","first","true","1","false","false","true","50","1","false","float32","false","false","4.55.2","2","1","false","true","false","false","false","false","false","30525","0.1","0","0.01","0.674433092449539","0.6834367383685723","0.8745523691177368","0.6769913101024734","0.674433092449539","8.8715","904.695","56.586","0.674433092449539","0.6834367383685723","6311151765141504","2.988540109616342","1500","9.086665153503418","0.0000024122283269419066","0.7803","1.0026904856363932","450.676","284.905","4.456"
"trial-1","finished","-","","","2025-08-19T16:06:05.000Z","436","","google/electra-base-discriminator","true","false","false","true","false","0.9","0.999","1e-8","false","[""ElectraForPreTraining""]","0.12640542084659245","false","false","false","16","false","false","0","0.12640542084659245","false","0","false","true","1800","[]","false","0","true","false","false","false","0.12640542084659245","false","768","0","5","0","true","false","300","steps","false","true","auto","false","O1","[]","0","false","false","false","0","false","1","false","true","false","auto","gelu","0.12640542084659245","768","false","every_save","<HUB_TOKEN>","Extremely Negative","Negative","Neutral","Positive","Extremely Positive","false","[]","false","false","false","0.02","3072","false","false","false","0","4","1","2","3","0.05","1e-12","0.000011955871531882903","length","1","true","0","passive","warning","true","./hf_roberta_optuna/1/runs/Aug19_16-06-13_59d4ba33cc23","false","true","100","steps","cosine","1","20","512","-1","accuracy","0","109488389","google/electra-base-discriminator","electra","","false","0","12","1","1","12","1","5","adamw_torch","false","./hf_roberta_optuna/1","false","false","false","0","-1","3","16","16","absolute","false","single_label_classification","false","<PUSH_TO_HUB_TOKEN>","last","false","true","1","[""wandb""]","false","true","false","trial-1","false","false","true","300","steps","1","42","true","gelu","0.1","first","true","1","false","false","true","50","1","false","float32","false","false","4.55.2","2","1","false","true","false","false","false","false","false","30525","0.01","0","0.01","0.6704460503364067","0.680822771393779","0.9687461256980896","0.6718605669280678","0.6704460503364067","9.1669","875.542","54.762","0.6704460503364067","0.680822771393779","1578314177570304","1.4947683109118086","3000","10.991755485534668","0.000009620696024530842","0.9013","1.0730909525553385","416.6241","385.239","24.086"
"trial-0","finished","-","","","2025-08-19T16:01:15.000Z","289","","google/electra-base-discriminator","true","false","false","true","false","0.9","0.999","1e-8","false","[""ElectraForPreTraining""]","0.08924655001624747","false","false","false","32","false","false","0","0.08924655001624747","false","0","false","true","1800","[]","false","0","true","false","false","false","0.08924655001624747","false","768","0","3","0","true","false","300","steps","false","true","auto","false","O1","[]","0","false","false","false","0","false","4","false","true","false","auto","gelu","0.08924655001624747","768","false","every_save","<HUB_TOKEN>","Extremely Negative","Negative","Neutral","Positive","Extremely Positive","false","[]","false","false","false","0.02","3072","false","false","false","0","4","1","2","3","0.1","1e-12","0.000011775341775160912","length","1","true","0","passive","warning","true","./hf_roberta_optuna/0/runs/Aug19_16-01-26_59d4ba33cc23","false","true","100","steps","linear","1","20","512","-1","accuracy","0","109488389","google/electra-base-discriminator","electra","","false","0","12","1","1","12","1","3","adamw_torch","false","./hf_roberta_optuna/0","false","false","false","0","-1","1","32","32","absolute","false","single_label_classification","false","<PUSH_TO_HUB_TOKEN>","last","false","true","1","[""wandb""]","false","true","false","trial-0","false","false","true","300","steps","1","42","true","gelu","0.1","first","true","1","false","false","true","50","1","false","float32","false","false","4.55.2","2","1","false","true","false","false","false","false","false","30525","0.1","0","0","0.6280837278843758","0.6378097654378629","1.086957335472107","0.630069202777785","0.6280837278843758","6.3588","1262.186","39.473","0.6280837278843758","0.6378097654378629","4750926959865600","3","753","3.3401288986206055","9.566378103897345e-7","1.0328","1.190658229914003","269.3444","357.535","2.796"